"m","p","n","runs","s","q","delta","dd2","lb","attained","cd2","cd2_randU","cd2_lhd","wd2"
3,2,1,8,7,2,"3",0.04620361328125,0.04620361328125,TRUE,0.557841191940755,0.587782743229488,0.377298829330475,1.36160900991862
3,2,2,8,7,4,"1",0.101418972015381,0.101418972015381,TRUE,0.462772623307271,0.414511077004239,0.377009420574807,0.864034613156111
4,2,1,16,15,2,"7",0.0527986483648419,0.0527986483648419,TRUE,1.37798781776944,1.48213907348536,1.00126179468413,6.92911033837397
4,2,2,16,35,4,"7",0.0624999317459783,0.0624999317459783,TRUE,19.9180571551328,11.5317106071891,11.2181344460397,297.505014597559
4,2,3,16,15,8,"1",0.0623786383688144,0.0623786383688144,TRUE,1.67414787359394,1.02618857818423,1.0084445756245,4.30910994074699
2,3,1,9,4,3,"1",0.0246913580246914,0.0246913580246914,TRUE,0.22373778860515,0.235681069455851,0.153050681392558,0.428568026419744
3,3,1,27,13,3,"4",0.0337795929879015,0.0337795929879014,TRUE,0.652362234078428,0.709364371656918,0.575291244773655,3.06300133032924
3,3,2,27,13,9,"1",0.0367918964082205,0.0367918964082205,TRUE,0.924651774620394,0.592234219920367,0.577546422922311,2.03973755893459
2,5,1,25,6,5,"1",0.023344,0.023344,TRUE,0.191939534777661,0.219818343252314,0.155054519815787,0.428481615090074
